<?xml version="1.0" encoding="UTF-8" standalone="no"?>
<Accounts>
	<Account AccountNum="2000000">
		<AccountType>G/D</AccountType>
		<CusID>423453245</CusID>
		<Balance>1700.65</Balance>
		<AccountFlag>0</AccountFlag>
		<DateActivated>1351793588910</DateActivated>
		<AccountSpecificDetails>
			<OverdraftProtection>1</OverdraftProtection>
			<AtmCardNo>0</AtmCardNo>
			<PIN>0</PIN>
			<OverdraftAccount>765432</OverdraftAccount>
			<InterestRate>0.015</InterestRate>
			<RecentDebits>
				<Debit date="1351793588910" checknum="1" transactionfee="0.0" transferfee="0.0">10.0</Debit>
				<Debit date="1351793588910" checknum="2" transactionfee="0.0" transferfee="0.0">10.0</Debit>
				<Debit date="1351793588910" checknum="3" transactionfee="0.0" transferfee="0.0">100.0</Debit>
				<Debit date="1351793588910" checknum="4" transactionfee="0.0" transferfee="0.0">25.0</Debit>
				<Debit date="1351793588910" checknum="5" transactionfee="0.0" transferfee="0.0">10.0</Debit>
				<Debit date="1351793588910" checknum="6" transactionfee="0.0" transferfee="0.0">10.0</Debit>
				<Debit date="1351793588910" checknum="7" transactionfee="0.0" transferfee="0.0">100.0</Debit>
				<Debit date="1351793588910" checknum="8" transactionfee="0.0" transferfee="0.0">25.0</Debit>
				<Debit date="1355352002050" checknum="9" transactionfee="0.0" transferfee="0.0">500.0</Debit>
				<Debit date="1355352198047" checknum="10" transactionfee="0.0" transferfee="0.0">100.0</Debit>
				<Debit date="1355441228619" checknum="11" transactionfee="0.0" transferfee="0.0">100.0</Debit>
			</RecentDebits>
			<RecentCredits>
				<Credit date="1351793588910">60.0</Credit>
				<Credit date="1351793588910">60.0</Credit>
			</RecentCredits>
		</AccountSpecificDetails>
	</Account>
	<Account AccountNum="2000001">
		<AccountType>G/D</AccountType>
		<CusID>345653425</CusID>
		<Balance>1500.12</Balance>
		<AccountFlag>0</AccountFlag>
		<DateActivated>1351793588910</DateActivated>
		<AccountSpecificDetails>
			<OverdraftProtection>0</OverdraftProtection>
			<AtmCardNo>0</AtmCardNo>
			<PIN>0</PIN>
			<InterestRate>0.015</InterestRate>
			<RecentDebits>
				<Debit date="1351793588910" checknum="1" transactionfee="0.0" transferfee="0.0">10.0</Debit>
				<Debit date="1351793588910" checknum="2" transactionfee="0.0" transferfee="0.0">25.0</Debit>
				<Debit date="1351793588910" checknum="3" transactionfee="0.0" transferfee="0.0">10.0</Debit>
				<Debit date="1351793588910" checknum="4" transactionfee="0.0" transferfee="0.0">25.0</Debit>
			</RecentDebits>
			<RecentCredits>
			</RecentCredits>
		</AccountSpecificDetails>
	</Account>
	<Account AccountNum="2000002">
		<AccountType>TMB</AccountType>
		<CusID>423148894</CusID>
		<Balance>199.62</Balance>
		<AccountFlag>0</AccountFlag>
		<DateActivated>1351793588910</DateActivated>
		<AccountSpecificDetails>
			<OverdraftProtection>0</OverdraftProtection>
			<AtmCardNo>0</AtmCardNo>
			<PIN>0</PIN>
			<RecentDebits>
				<Debit date="1355359736453" checknum="1" transactionfee="0.5" transferfee="0.0">12.0</Debit>
			</RecentDebits>
			<RecentCredits>
				<Credit date="1351793588910">160.0</Credit>
				<Credit date="1351793588910">360.0</Credit>
				<Credit date="1351793588910">160.0</Credit>
				<Credit date="1351793588910">360.0</Credit>
			</RecentCredits>
		</AccountSpecificDetails>
	</Account>
	<Account AccountNum="3000000">
		<AccountType>TMB</AccountType>
		<CusID>677879013</CusID>
		<Balance>999.05</Balance>
		<AccountFlag>0</AccountFlag>
		<DateActivated>1351793588910</DateActivated>
		<AccountSpecificDetails>
			<OverdraftProtection>0</OverdraftProtection>
			<AtmCardNo>0</AtmCardNo>
			<PIN>0</PIN>
			<RecentDebits>
				<Debit date="1351793588910" checknum="0" transactionfee="0.0" transferfee="0.0">1000.0</Debit>
				<Debit date="1351793588910" checknum="2" transactionfee="0.0" transferfee="0.0">1000.0</Debit>
			</RecentDebits>
			<RecentCredits>
				<Credit date="1351793588910">50.0</Credit>
				<Credit date="1351793588910">165.0</Credit>
				<Credit date="1351793588910">50.0</Credit>
				<Credit date="1351793588910">165.0</Credit>
			</RecentCredits>
		</AccountSpecificDetails>
	</Account>
	<Account AccountNum="3000001">
		<AccountType>TMB</AccountType>
		<CusID>345599870</CusID>
		<Balance>3332.05</Balance>
		<AccountFlag>0</AccountFlag>
		<DateActivated>1351793588910</DateActivated>
		<AccountSpecificDetails>
			<OverdraftProtection>0</OverdraftProtection>
			<AtmCardNo>0</AtmCardNo>
			<PIN>0</PIN>
			<RecentDebits>
				<Debit date="1351793588910" checknum="1" transactionfee="0.0" transferfee="0.0">242.11</Debit>
				<Debit date="1351793588910" checknum="0" transactionfee="0.0" transferfee="0.0">242.11</Debit>
			</RecentDebits>
			<RecentCredits>
				<Credit date="1351793588910">42.99</Credit>
				<Credit date="1351793588910">132.1</Credit>
				<Credit date="1351793588910">42.99</Credit>
				<Credit date="1351793588910">132.1</Credit>
			</RecentCredits>
		</AccountSpecificDetails>
	</Account>
	<Account AccountNum="3000002">
		<AccountType>G/D</AccountType>
		<CusID>423567890</CusID>
		<Balance>2122.05</Balance>
		<AccountFlag>0</AccountFlag>
		<DateActivated>1351793588910</DateActivated>
		<AccountSpecificDetails>
			<OverdraftProtection>0</OverdraftProtection>
			<AtmCardNo>0</AtmCardNo>
			<PIN>0</PIN>
			<InterestRate>0.015</InterestRate>
			<RecentDebits>
				<Debit date="1351793588910" checknum="0" transactionfee="0.0" transferfee="0.0">242.11</Debit>
				<Debit date="1351793588910" checknum="2" transactionfee="0.0" transferfee="0.0">242.11</Debit>
			</RecentDebits>
			<RecentCredits>
				<Credit date="1351793588910">342.99</Credit>
				<Credit date="1351793588910">342.99</Credit>
			</RecentCredits>
		</AccountSpecificDetails>
	</Account>
	<Account AccountNum="3000003">
		<AccountType>TMB</AccountType>
		<CusID>345812332</CusID>
		<Balance>446.05</Balance>
		<AccountFlag>0</AccountFlag>
		<DateActivated>1351793588910</DateActivated>
		<AccountSpecificDetails>
			<OverdraftProtection>0</OverdraftProtection>
			<AtmCardNo>0</AtmCardNo>
			<PIN>0</PIN>
			<RecentDebits>
				<Debit date="1351793588910" checknum="0" transactionfee="0.0" transferfee="0.0">55.11</Debit>
				<Debit date="1351793588910" checknum="0" transactionfee="0.0" transferfee="0.0">55.11</Debit>
				<Debit date="1355352760031" checknum="3" transactionfee="0.5" transferfee="0.75">51.25</Debit>
			</RecentDebits>
			<RecentCredits>
				<Credit date="1351793588910">11.99</Credit>
				<Credit date="1351793588910">11.99</Credit>
				<Credit date="1355352198047">100.0</Credit>
				<Credit date="1355352198047">100.0</Credit>
			</RecentCredits>
		</AccountSpecificDetails>
	</Account>
	<Account AccountNum="1000009">
		<AccountType>G/D</AccountType>
		<CusID>345879912</CusID>
		<Balance>9229.05</Balance>
		<AccountFlag>0</AccountFlag>
		<DateActivated>1351793588910</DateActivated>
		<AccountSpecificDetails>
			<OverdraftProtection>0</OverdraftProtection>
			<AtmCardNo>0</AtmCardNo>
			<PIN>0</PIN>
			<InterestRate>0.015</InterestRate>
			<RecentDebits>
				<Debit date="1351793588910" checknum="0" transactionfee="0.0" transferfee="0.0">525.11</Debit>
				<Debit date="1351793588910" checknum="0" transactionfee="0.0" transferfee="0.0">405.1</Debit>
				<Debit date="1351793588910" checknum="0" transactionfee="0.0" transferfee="0.0">525.11</Debit>
				<Debit date="1351793588910" checknum="0" transactionfee="0.0" transferfee="0.0">405.1</Debit>
			</RecentDebits>
			<RecentCredits>
				<Credit date="1351793588910">1111.99</Credit>
				<Credit date="1351793588910">1111.99</Credit>
			</RecentCredits>
		</AccountSpecificDetails>
	</Account>
	<Account AccountNum="1000011">
		<AccountType>G/D</AccountType>
		<CusID>423168945</CusID>
		<Balance>1000.05</Balance>
		<AccountFlag>0</AccountFlag>
		<DateActivated>1351793588910</DateActivated>
		<AccountSpecificDetails>
			<OverdraftProtection>0</OverdraftProtection>
			<AtmCardNo>0</AtmCardNo>
			<PIN>0</PIN>
			<InterestRate>0.015</InterestRate>
			<RecentDebits>
				<Debit date="1351793588910" checknum="0" transactionfee="0.0" transferfee="0.0">1000.0</Debit>
				<Debit date="1351793588910" checknum="0" transactionfee="0.0" transferfee="0.0">1000.0</Debit>
			</RecentDebits>
			<RecentCredits>
				<Credit date="1351793588910">999.05</Credit>
				<Credit date="1351793588910">999.05</Credit>
			</RecentCredits>
		</AccountSpecificDetails>
	</Account>
	<Account AccountNum="1000012">
		<AccountType>TMB</AccountType>
		<CusID>235445789</CusID>
		<Balance>50.05</Balance>
		<AccountFlag>0</AccountFlag>
		<DateActivated>1351793588910</DateActivated>
		<AccountSpecificDetails>
			<OverdraftProtection>0</OverdraftProtection>
			<AtmCardNo>0</AtmCardNo>
			<PIN>0</PIN>
			<RecentDebits>
			</RecentDebits>
			<RecentCredits>
				<Credit date="1351793588910">9.05</Credit>
				<Credit date="1351793588910">9.05</Credit>
			</RecentCredits>
		</AccountSpecificDetails>
	</Account>
	<Account AccountNum="1000013">
		<AccountType>TMB</AccountType>
		<CusID>436789213</CusID>
		<Balance>67.12</Balance>
		<AccountFlag>0</AccountFlag>
		<DateActivated>1351793588910</DateActivated>
		<AccountSpecificDetails>
			<OverdraftProtection>0</OverdraftProtection>
			<AtmCardNo>0</AtmCardNo>
			<PIN>0</PIN>
			<RecentDebits>
				<Debit date="1351793588910" checknum="0" transactionfee="0.0" transferfee="0.0">99.18</Debit>
				<Debit date="1351793588910" checknum="0" transactionfee="0.0" transferfee="0.0">99.18</Debit>
			</RecentDebits>
			<RecentCredits>
				<Credit date="1351793588910">29.12</Credit>
				<Credit date="1351793588910">19.35</Credit>
				<Credit date="1351793588910">29.12</Credit>
				<Credit date="1351793588910">19.35</Credit>
			</RecentCredits>
		</AccountSpecificDetails>
	</Account>
	<Account AccountNum="1000014">
		<AccountType>G/D</AccountType>
		<CusID>233435656</CusID>
		<Balance>2267.12</Balance>
		<AccountFlag>0</AccountFlag>
		<DateActivated>1351793588910</DateActivated>
		<AccountSpecificDetails>
			<OverdraftProtection>0</OverdraftProtection>
			<AtmCardNo>0</AtmCardNo>
			<PIN>0</PIN>
			<InterestRate>0.015</InterestRate>
			<RecentDebits>
				<Debit date="1351793588910" checknum="0" transactionfee="0.0" transferfee="0.0">299.0</Debit>
				<Debit date="1351793588910" checknum="0" transactionfee="0.0" transferfee="0.0">299.0</Debit>
			</RecentDebits>
			<RecentCredits>
				<Credit date="1351793588910">129.58</Credit>
				<Credit date="1351793588910">129.58</Credit>
			</RecentCredits>
		</AccountSpecificDetails>
	</Account>
	<Account AccountNum="1000015">
		<AccountType>G/D</AccountType>
		<CusID>435678787</CusID>
		<Balance>5542.67</Balance>
		<AccountFlag>0</AccountFlag>
		<DateActivated>1351793588910</DateActivated>
		<AccountSpecificDetails>
			<OverdraftProtection>0</OverdraftProtection>
			<AtmCardNo>0</AtmCardNo>
			<PIN>0</PIN>
			<InterestRate>0.015</InterestRate>
			<RecentDebits>
				<Debit date="1351793588910" checknum="0" transactionfee="0.0" transferfee="0.0">19.0</Debit>
				<Debit date="1351793588910" checknum="0" transactionfee="0.0" transferfee="0.0">19.0</Debit>
			</RecentDebits>
			<RecentCredits>
				<Credit date="1351793588910">229.33</Credit>
				<Credit date="1351793588910">1229.58</Credit>
				<Credit date="1351793588910">229.33</Credit>
				<Credit date="1351793588910">1229.58</Credit>
			</RecentCredits>
		</AccountSpecificDetails>
	</Account>
	<Account AccountNum="1003333">
		<AccountType>TMB</AccountType>
		<CusID>563432913</CusID>
		<Balance>5.67</Balance>
		<AccountFlag>0</AccountFlag>
		<DateActivated>1351793588910</DateActivated>
		<AccountSpecificDetails>
			<OverdraftProtection>0</OverdraftProtection>
			<AtmCardNo>0</AtmCardNo>
			<PIN>0</PIN>
			<RecentDebits>
				<Debit date="1351793588910" checknum="0" transactionfee="0.0" transferfee="0.0">22.0</Debit>
				<Debit date="1351793588910" checknum="0" transactionfee="0.0" transferfee="0.0">22.0</Debit>
			</RecentDebits>
			<RecentCredits>
			</RecentCredits>
		</AccountSpecificDetails>
	</Account>
	<Account AccountNum="1044333">
		<AccountType>TMB</AccountType>
		<CusID>345679898</CusID>
		<Balance>12.34</Balance>
		<AccountFlag>0</AccountFlag>
		<DateActivated>1351793588910</DateActivated>
		<AccountSpecificDetails>
			<OverdraftProtection>0</OverdraftProtection>
			<AtmCardNo>0</AtmCardNo>
			<PIN>0</PIN>
			<RecentDebits>
				<Debit date="1351793588910" checknum="0" transactionfee="0.0" transferfee="0.0">23.0</Debit>
				<Debit date="1351793588910" checknum="0" transactionfee="0.0" transferfee="0.0">23.0</Debit>
			</RecentDebits>
			<RecentCredits>
				<Credit date="1351793588910">12.03</Credit>
				<Credit date="1351793588910">12.03</Credit>
			</RecentCredits>
		</AccountSpecificDetails>
	</Account>
	<Account AccountNum="1023133">
		<AccountType>G/D</AccountType>
		<CusID>987654321</CusID>
		<Balance>1112.34</Balance>
		<AccountFlag>0</AccountFlag>
		<DateActivated>1351793588910</DateActivated>
		<AccountSpecificDetails>
			<OverdraftProtection>0</OverdraftProtection>
			<AtmCardNo>0</AtmCardNo>
			<PIN>0</PIN>
			<InterestRate>0.015</InterestRate>
			<RecentDebits>
			</RecentDebits>
			<RecentCredits>
				<Credit date="1351793588910">122.03</Credit>
				<Credit date="1351793588910">122.03</Credit>
			</RecentCredits>
		</AccountSpecificDetails>
	</Account>
	<Account AccountNum="1003343">
		<AccountType>G/D</AccountType>
		<CusID>123456789</CusID>
		<Balance>2255.04</Balance>
		<AccountFlag>0</AccountFlag>
		<DateActivated>1351793588910</DateActivated>
		<AccountSpecificDetails>
			<OverdraftProtection>0</OverdraftProtection>
			<AtmCardNo>0</AtmCardNo>
			<PIN>0</PIN>
			<InterestRate>0.015</InterestRate>
			<RecentDebits>
				<Debit date="1351793588910" checknum="0" transactionfee="0.0" transferfee="0.0">223.0</Debit>
				<Debit date="1351793588910" checknum="0" transactionfee="0.0" transferfee="0.0">223.0</Debit>
			</RecentDebits>
			<RecentCredits>
				<Credit date="1351793588910">350.03</Credit>
				<Credit date="1351793588910">350.03</Credit>
			</RecentCredits>
		</AccountSpecificDetails>
	</Account>
	<Account AccountNum="1003663">
		<AccountType>TMB</AccountType>
		<CusID>777777777</CusID>
		<Balance>332.34</Balance>
		<AccountFlag>0</AccountFlag>
		<DateActivated>1351793588910</DateActivated>
		<AccountSpecificDetails>
			<OverdraftProtection>0</OverdraftProtection>
			<AtmCardNo>0</AtmCardNo>
			<PIN>0</PIN>
			<RecentDebits>
				<Debit date="1351793588910" checknum="0" transactionfee="0.0" transferfee="0.0">25.0</Debit>
				<Debit date="1351793588910" checknum="0" transactionfee="0.0" transferfee="0.0">25.0</Debit>
			</RecentDebits>
			<RecentCredits>
			</RecentCredits>
		</AccountSpecificDetails>
	</Account>
	<Account AccountNum="1003663">
		<AccountType>TMB</AccountType>
		<CusID>543201234</CusID>
		<Balance>233.34</Balance>
		<AccountFlag>0</AccountFlag>
		<DateActivated>1351793588910</DateActivated>
		<AccountSpecificDetails>
			<OverdraftProtection>0</OverdraftProtection>
			<AtmCardNo>0</AtmCardNo>
			<PIN>0</PIN>
			<RecentDebits>
				<Debit date="1351793588910" checknum="0" transactionfee="0.0" transferfee="0.0">25.0</Debit>
				<Debit date="1351793588910" checknum="0" transactionfee="0.0" transferfee="0.0">25.0</Debit>
			</RecentDebits>
			<RecentCredits>
				<Credit date="1351793588910">33.03</Credit>
				<Credit date="1351793588910">33.03</Credit>
			</RecentCredits>
		</AccountSpecificDetails>
	</Account>
	<Account AccountNum="2223456">
		<AccountType>SLoan</AccountType>
		<CusID>436789213</CusID>
		<Balance>4450.0</Balance>
		<AccountFlag>0</AccountFlag>
		<DateActivated>1351793588910</DateActivated>
		<AccountSpecificDetails>
			<InterestRate>0.015</InterestRate>
			<FixedPaymentAmount>84.58</FixedPaymentAmount>
			<IntitialLoanAmount loanyears="5">5000.0</IntitialLoanAmount>
			<BillSentOutDate>1355365730777</BillSentOutDate>
			<BillAmount>84.58</BillAmount>
			<BillDueDate>1355970530777</BillDueDate>
			<RecentDebits>
				<Debit date="1351793588910" intrestgained="0.0">225.0</Debit>
				<Debit date="1351793588910" intrestgained="0.0">225.0</Debit>
				<Debit date="1351793588910" intrestgained="0.0">225.0</Debit>
				<Debit date="1351793588910" intrestgained="0.0">225.0</Debit>
			</RecentDebits>
		</AccountSpecificDetails>
	</Account>
	<Account AccountNum="2223457">
		<AccountType>SLoan</AccountType>
		<CusID>233435656</CusID>
		<Balance>1800.0</Balance>
		<AccountFlag>0</AccountFlag>
		<DateActivated>1351793588910</DateActivated>
		<AccountSpecificDetails>
			<InterestRate>0.015</InterestRate>
			<FixedPaymentAmount>25.38</FixedPaymentAmount>
			<IntitialLoanAmount loanyears="6">1800.0</IntitialLoanAmount>
			<BillSentOutDate>1355365730784</BillSentOutDate>
			<BillAmount>25.38</BillAmount>
			<BillDueDate>1355970530784</BillDueDate>
			<RecentDebits>
				<Debit date="1351793588910" intrestgained="0.0">425.0</Debit>
				<Debit date="1351793588910" intrestgained="0.0">100.0</Debit>
				<Debit date="1351793588910" intrestgained="0.0">550.0</Debit>
				<Debit date="1351793588910" intrestgained="0.0">125.0</Debit>
				<Debit date="1351793588910" intrestgained="0.0">425.0</Debit>
				<Debit date="1351793588910" intrestgained="0.0">100.0</Debit>
				<Debit date="1351793588910" intrestgained="0.0">550.0</Debit>
				<Debit date="1351793588910" intrestgained="0.0">125.0</Debit>
			</RecentDebits>
		</AccountSpecificDetails>
	</Account>
	<Account AccountNum="2223458">
		<AccountType>SLoan</AccountType>
		<CusID>435678787</CusID>
		<Balance>5450.0</Balance>
		<AccountFlag>0</AccountFlag>
		<DateActivated>1351793588910</DateActivated>
		<AccountSpecificDetails>
			<InterestRate>0.015</InterestRate>
			<FixedPaymentAmount>101.5</FixedPaymentAmount>
			<IntitialLoanAmount loanyears="5">6000.0</IntitialLoanAmount>
			<BillSentOutDate>1355365730785</BillSentOutDate>
			<BillAmount>101.5</BillAmount>
			<BillDueDate>1355970530785</BillDueDate>
			<RecentDebits>
				<Debit date="1351793588910" intrestgained="0.0">1425.0</Debit>
				<Debit date="1351793588910" intrestgained="0.0">1125.0</Debit>
				<Debit date="1351793588910" intrestgained="0.0">1425.0</Debit>
				<Debit date="1351793588910" intrestgained="0.0">1125.0</Debit>
			</RecentDebits>
		</AccountSpecificDetails>
	</Account>
	<Account AccountNum="2223459">
		<AccountType>SLoan</AccountType>
		<CusID>563432913</CusID>
		<Balance>2000.0</Balance>
		<AccountFlag>0</AccountFlag>
		<DateActivated>1351793588910</DateActivated>
		<AccountSpecificDetails>
			<InterestRate>0.015</InterestRate>
			<FixedPaymentAmount>33.83</FixedPaymentAmount>
			<IntitialLoanAmount loanyears="5">2000.0</IntitialLoanAmount>
			<BillSentOutDate>1355365730785</BillSentOutDate>
			<BillAmount>33.83</BillAmount>
			<BillDueDate>1355970530785</BillDueDate>
			<RecentDebits>
			</RecentDebits>
		</AccountSpecificDetails>
	</Account>
	<Account AccountNum="2223460">
		<AccountType>SLoan</AccountType>
		<CusID>345679898</CusID>
		<Balance>0.0</Balance>
		<AccountFlag>0</AccountFlag>
		<DateActivated>1351793588910</DateActivated>
		<AccountSpecificDetails>
			<InterestRate>0.015</InterestRate>
			<FixedPaymentAmount>1758.23</FixedPaymentAmount>
			<IntitialLoanAmount loanyears="5">103935.0</IntitialLoanAmount>
			<BillSentOutDate>1355365730785</BillSentOutDate>
			<BillAmount>0.0</BillAmount>
			<BillDueDate>1355970530785</BillDueDate>
			<RecentDebits>
				<Debit date="1351793588910" intrestgained="0.0">500.0</Debit>
				<Debit date="1351793588910" intrestgained="0.0">500.0</Debit>
				<Debit date="1351793588910" intrestgained="0.0">500.0</Debit>
				<Debit date="1351793588910" intrestgained="0.0">500.0</Debit>
				<Debit date="1351793588910" intrestgained="0.0">500.0</Debit>
				<Debit date="1351793588910" intrestgained="0.0">500.0</Debit>
			</RecentDebits>
		</AccountSpecificDetails>
	</Account>
	<Account AccountNum="678901">
		<AccountType>LLoan</AccountType>
		<CusID>423148894</CusID>
		<Balance>103935.0</Balance>
		<AccountFlag>0</AccountFlag>
		<DateActivated>1351793588910</DateActivated>
		<AccountSpecificDetails>
			<InterestRate>0.054</InterestRate>
			<FixedPaymentAmount>608.6</FixedPaymentAmount>
			<IntitialLoanAmount loanyears="15">103935.0</IntitialLoanAmount>
			<BillSentOutDate>1355365730786</BillSentOutDate>
			<BillAmount>0.0</BillAmount>
			<BillDueDate>1355970530786</BillDueDate>
			<RecentDebits>
			</RecentDebits>
		</AccountSpecificDetails>
	</Account>
	<Account AccountNum="789012">
		<AccountType>LLoan</AccountType>
		<CusID>677879013</CusID>
		<Balance>183065.0</Balance>
		<AccountFlag>0</AccountFlag>
		<DateActivated>1351793588910</DateActivated>
		<AccountSpecificDetails>
			<InterestRate>0.049</InterestRate>
			<FixedPaymentAmount>1066.86</FixedPaymentAmount>
			<IntitialLoanAmount loanyears="15">183065.0</IntitialLoanAmount>
			<BillSentOutDate>1355365730786</BillSentOutDate>
			<BillAmount>0.0</BillAmount>
			<BillDueDate>1355970530786</BillDueDate>
			<RecentDebits>
			</RecentDebits>
		</AccountSpecificDetails>
	</Account>
	<Account AccountNum="890123">
		<AccountType>LLoan</AccountType>
		<CusID>345599870</CusID>
		<Balance>23762.0</Balance>
		<AccountFlag>1</AccountFlag>
		<DateActivated>1351793588910</DateActivated>
		<AccountSpecificDetails>
			<InterestRate>0.065</InterestRate>
			<FixedPaymentAmount>140.59</FixedPaymentAmount>
			<IntitialLoanAmount loanyears="15">23762.0</IntitialLoanAmount>
			<BillSentOutDate>1355365730786</BillSentOutDate>
			<BillAmount>0.0</BillAmount>
			<BillDueDate>1355970530786</BillDueDate>
			<RecentDebits>
			</RecentDebits>
		</AccountSpecificDetails>
	</Account>
	<Account AccountNum="901234">
		<AccountType>LLoan</AccountType>
		<CusID>423567890</CusID>
		<Balance>13769.08</Balance>
		<AccountFlag>0</AccountFlag>
		<DateActivated>1351793588910</DateActivated>
		<AccountSpecificDetails>
			<InterestRate>0.058</InterestRate>
			<FixedPaymentAmount>81.38</FixedPaymentAmount>
			<IntitialLoanAmount loanyears="15">13846.0</IntitialLoanAmount>
			<BillSentOutDate>1355365730786</BillSentOutDate>
			<BillAmount>0.0</BillAmount>
			<BillDueDate>1355970530786</BillDueDate>
			<RecentDebits>
				<Debit date="1355452076118" intrestgained="4.46">81.38</Debit>
			</RecentDebits>
		</AccountSpecificDetails>
	</Account>
	<Account AccountNum="987654">
		<AccountType>LLoan</AccountType>
		<CusID>345812332</CusID>
		<Balance>91517.0</Balance>
		<AccountFlag>0</AccountFlag>
		<DateActivated>1351793588910</DateActivated>
		<AccountSpecificDetails>
			<InterestRate>0.037</InterestRate>
			<FixedPaymentAmount>527.24</FixedPaymentAmount>
			<IntitialLoanAmount loanyears="15">91517.0</IntitialLoanAmount>
			<BillSentOutDate>1355365730787</BillSentOutDate>
			<BillAmount>0.0</BillAmount>
			<BillDueDate>1355970530787</BillDueDate>
			<RecentDebits>
			</RecentDebits>
		</AccountSpecificDetails>
	</Account>
	<Account AccountNum="1113460">
		<AccountType>CC</AccountType>
		<CusID>436789213</CusID>
		<Balance>0.0</Balance>
		<AccountFlag>0</AccountFlag>
		<DateActivated>1351793588910</DateActivated>
		<AccountSpecificDetails>
			<CreditLimit>500.0</CreditLimit>
			<DateOfFinanceChargeReset>0</DateOfFinanceChargeReset>
			<BillSentOutDate>1355365730787</BillSentOutDate>
			<BillAmount>0.0</BillAmount>
			<BillDueDate>1355970530787</BillDueDate>
			<RecentDebits>
				<Debit date="1351793588910">100.01</Debit>
				<Debit date="1351793588910">100.01</Debit>
			</RecentDebits>
			<RecentCredits>
				<Credit date="1351793588910" description="Groceries">77.0</Credit>
				<Credit date="1351793588910" description="Olive Garden Bill">23.01</Credit>
				<Credit date="1351793588910" description="Groceries">77.0</Credit>
				<Credit date="1351793588910" description="Olive Garden Bill">23.01</Credit>
			</RecentCredits>
		</AccountSpecificDetails>
	</Account>
	<Account AccountNum="1113461">
		<AccountType>CC</AccountType>
		<CusID>233435656</CusID>
		<Balance>41.269999999999996</Balance>
		<AccountFlag>0</AccountFlag>
		<DateActivated>1351793588910</DateActivated>
		<AccountSpecificDetails>
			<CreditLimit>1500.0</CreditLimit>
			<DateOfFinanceChargeReset>0</DateOfFinanceChargeReset>
			<BillSentOutDate>1355365730787</BillSentOutDate>
			<BillAmount>41.27</BillAmount>
			<BillDueDate>1355970530787</BillDueDate>
			<RecentDebits>
				<Debit date="1351793588910">60.0</Debit>
				<Debit date="1351793588910">60.0</Debit>
			</RecentDebits>
			<RecentCredits>
				<Credit date="1351793588910" description="Books">45.0</Credit>
				<Credit date="1351793588910" description="TGIFriday's Bill">22.51</Credit>
				<Credit date="1351793588910" description="Books">45.0</Credit>
				<Credit date="1351793588910" description="TGIFriday's Bill">22.51</Credit>
				<Credit date="1355365730787" description="Bill Fi0.00ce Charge">33.76</Credit>
			</RecentCredits>
		</AccountSpecificDetails>
	</Account>
	<Account AccountNum="1113462">
		<AccountType>CC</AccountType>
		<CusID>435678787</CusID>
		<Balance>0.0</Balance>
		<AccountFlag>0</AccountFlag>
		<DateActivated>1351793588910</DateActivated>
		<AccountSpecificDetails>
			<CreditLimit>500.0</CreditLimit>
			<DateOfFinanceChargeReset>0</DateOfFinanceChargeReset>
			<BillSentOutDate>1355365730788</BillSentOutDate>
			<BillAmount>0.0</BillAmount>
			<BillDueDate>1355970530788</BillDueDate>
			<RecentDebits>
				<Debit date="1351793588910">227.11</Debit>
				<Debit date="1351793588910">227.11</Debit>
			</RecentDebits>
			<RecentCredits>
				<Credit date="1351793588910" description="Insurance charge">215.0</Credit>
				<Credit date="1351793588910" description="Lunch">12.11</Credit>
				<Credit date="1351793588910" description="Insurance charge">215.0</Credit>
				<Credit date="1351793588910" description="Lunch">12.11</Credit>
			</RecentCredits>
		</AccountSpecificDetails>
	</Account>
	<Account AccountNum="1113463">
		<AccountType>CC</AccountType>
		<CusID>563432913</CusID>
		<Balance>56.06</Balance>
		<AccountFlag>0</AccountFlag>
		<DateActivated>1351793588910</DateActivated>
		<AccountSpecificDetails>
			<CreditLimit>500.0</CreditLimit>
			<DateOfFinanceChargeReset>0</DateOfFinanceChargeReset>
			<BillSentOutDate>1355365730788</BillSentOutDate>
			<BillAmount>56.06</BillAmount>
			<BillDueDate>1355970530788</BillDueDate>
			<RecentDebits>
				<Debit date="1351793588910">164.18</Debit>
				<Debit date="1351793588910">164.18</Debit>
			</RecentDebits>
			<RecentCredits>
				<Credit date="1351793588910" description="Gas Bill">111.0</Credit>
				<Credit date="1351793588910" description="Grociery Store purchases">42.15</Credit>
				<Credit date="1351793588910" description="Lunch">12.03</Credit>
				<Credit date="1351793588910" description="Gas Bill">111.0</Credit>
				<Credit date="1351793588910" description="Grociery Store purchases">42.15</Credit>
				<Credit date="1351793588910" description="Lunch">12.03</Credit>
				<Credit date="1355365730788" description="Bill Fi0.00ce Charge">55.06</Credit>
			</RecentCredits>
		</AccountSpecificDetails>
	</Account>
	<Account AccountNum="1113464">
		<AccountType>CC</AccountType>
		<CusID>345679898</CusID>
		<Balance>0.0</Balance>
		<AccountFlag>0</AccountFlag>
		<DateActivated>1351793588910</DateActivated>
		<AccountSpecificDetails>
			<CreditLimit>2500.0</CreditLimit>
			<DateOfFinanceChargeReset>0</DateOfFinanceChargeReset>
			<BillSentOutDate>1355365730788</BillSentOutDate>
			<BillAmount>0.0</BillAmount>
			<BillDueDate>1355970530788</BillDueDate>
			<RecentDebits>
				<Debit date="1351793588910">1666.78</Debit>
				<Debit date="1351793588910">1666.78</Debit>
			</RecentDebits>
			<RecentCredits>
				<Credit date="1351793588910" description="Outboard Motor">1111.0</Credit>
				<Credit date="1351793588910" description="Chain Saw">242.85</Credit>
				<Credit date="1351793588910" description="Auto Repair">312.93</Credit>
				<Credit date="1351793588910" description="Outboard Motor">1111.0</Credit>
				<Credit date="1351793588910" description="Chain Saw">242.85</Credit>
				<Credit date="1351793588910" description="Auto Repair">312.93</Credit>
			</RecentCredits>
		</AccountSpecificDetails>
	</Account>
	<Account AccountNum="123456">
		<AccountType>CC</AccountType>
		<CusID>423453245</CusID>
		<Balance>573.97</Balance>
		<AccountFlag>0</AccountFlag>
		<DateActivated>1351793588910</DateActivated>
		<AccountSpecificDetails>
			<CreditLimit>10000.0</CreditLimit>
			<DateOfFinanceChargeReset>0</DateOfFinanceChargeReset>
			<BillSentOutDate>1355365730789</BillSentOutDate>
			<BillAmount>673.97</BillAmount>
			<BillDueDate>1355970530789</BillDueDate>
			<RecentDebits>
				<Debit date="1351793588910">110.0</Debit>
				<Debit date="1351793588910">110.0</Debit>
				<Debit date="1355452289682">50.0</Debit>
				<Debit date="1355452408404">50.0</Debit>
			</RecentDebits>
			<RecentCredits>
				<Credit date="1351793588910" description="Gas bill">303.0</Credit>
				<Credit date="1351793588910" description="Electric Bill">352.98</Credit>
				<Credit date="1351793588910" description="Gas bill">303.0</Credit>
				<Credit date="1351793588910" description="Electric Bill">352.98</Credit>
				<Credit date="1355365730789" description="Bill Fi0.00ce Charge">327.99</Credit>
			</RecentCredits>
		</AccountSpecificDetails>
	</Account>
	<Account AccountNum="234567">
		<AccountType>CC</AccountType>
		<CusID>345653425</CusID>
		<Balance>3753.0200000000004</Balance>
		<AccountFlag>1</AccountFlag>
		<DateActivated>1351793588910</DateActivated>
		<AccountSpecificDetails>
			<CreditLimit>3000.0</CreditLimit>
			<DateOfFinanceChargeReset>0</DateOfFinanceChargeReset>
			<BillSentOutDate>1355365730789</BillSentOutDate>
			<BillAmount>3753.02</BillAmount>
			<BillDueDate>1355970530789</BillDueDate>
			<RecentDebits>
			</RecentDebits>
			<RecentCredits>
				<Credit date="1351793588910" description="moniter">402.01</Credit>
				<Credit date="1351793588910" description="3D Television">2100.0</Credit>
				<Credit date="1351793588910" description="moniter">402.01</Credit>
				<Credit date="1351793588910" description="3D Television">2100.0</Credit>
				<Credit date="1355365730789" description="Bill Fi0.00ce Charge">1251.01</Credit>
			</RecentCredits>
		</AccountSpecificDetails>
	</Account>
	<Account AccountNum="345678">
		<AccountType>CC</AccountType>
		<CusID>423148894</CusID>
		<Balance>16696.309999999998</Balance>
		<AccountFlag>0</AccountFlag>
		<DateActivated>1351793588910</DateActivated>
		<AccountSpecificDetails>
			<CreditLimit>20000.0</CreditLimit>
			<DateOfFinanceChargeReset>0</DateOfFinanceChargeReset>
			<BillSentOutDate>1355365730789</BillSentOutDate>
			<BillAmount>16696.31</BillAmount>
			<BillDueDate>1355970530789</BillDueDate>
			<RecentDebits>
				<Debit date="1351793588910">1200.0</Debit>
				<Debit date="1351793588910">1200.0</Debit>
			</RecentDebits>
			<RecentCredits>
				<Credit date="1351793588910" description="Seriously, what is the credit limit?">9923.01</Credit>
				<Credit date="1351793588910" description="small jet plane">2100.0</Credit>
				<Credit date="1351793588910" description="New TV">1399.22</Credit>
				<Credit date="1351793588910" description="Seriously, what is the credit limit?">9923.01</Credit>
				<Credit date="1351793588910" description="small jet plane">2100.0</Credit>
				<Credit date="1351793588910" description="New TV">1399.22</Credit>
				<Credit date="1355365730789" description="Bill Fi0.00ce Charge">4474.08</Credit>
			</RecentCredits>
		</AccountSpecificDetails>
	</Account>
	<Account AccountNum="456789">
		<AccountType>CC</AccountType>
		<CusID>677879013</CusID>
		<Balance>8073.91</Balance>
		<AccountFlag>0</AccountFlag>
		<DateActivated>1351793588910</DateActivated>
		<AccountSpecificDetails>
			<CreditLimit>9000.0</CreditLimit>
			<DateOfFinanceChargeReset>0</DateOfFinanceChargeReset>
			<BillSentOutDate>1355365730790</BillSentOutDate>
			<BillAmount>8073.91</BillAmount>
			<BillDueDate>1355970530790</BillDueDate>
			<RecentDebits>
				<Debit date="1351793588910">2000.0</Debit>
				<Debit date="1351793588910">2000.0</Debit>
			</RecentDebits>
			<RecentCredits>
				<Credit date="1351793588910" description="Patio Extension">3123.01</Credit>
				<Credit date="1351793588910" description="Car">2314.2</Credit>
				<Credit date="1351793588910" description="WashingMachine">2118.22</Credit>
				<Credit date="1351793588910" description="Patio Extension">3123.01</Credit>
				<Credit date="1351793588910" description="Car">2314.2</Credit>
				<Credit date="1351793588910" description="WashingMachine">2118.22</Credit>
				<Credit date="1355365730790" description="Bill Fi0.00ce Charge">2518.48</Credit>
			</RecentCredits>
		</AccountSpecificDetails>
	</Account>
	<Account AccountNum="567890">
		<AccountType>CC</AccountType>
		<CusID>345599870</CusID>
		<Balance>25.08</Balance>
		<AccountFlag>0</AccountFlag>
		<DateActivated>1351793588910</DateActivated>
		<AccountSpecificDetails>
			<CreditLimit>5000.0</CreditLimit>
			<DateOfFinanceChargeReset>0</DateOfFinanceChargeReset>
			<BillSentOutDate>1355365730790</BillSentOutDate>
			<BillAmount>25.08</BillAmount>
			<BillDueDate>1355970530790</BillDueDate>
			<RecentDebits>
			</RecentDebits>
			<RecentCredits>
				<Credit date="1351793588910" description="Lunch">12.54</Credit>
				<Credit date="1351793588910" description="Lunch">12.54</Credit>
				<Credit date="1355365730790" description="Bill Fi0.00ce Charge">12.54</Credit>
			</RecentCredits>
		</AccountSpecificDetails>
	</Account>
	<Account AccountNum="876543">
		<AccountType>Savings</AccountType>
		<CusID>423453245</CusID>
		<Balance>1254.59</Balance>
		<AccountFlag>0</AccountFlag>
		<DateActivated>1351793588910</DateActivated>
		<AccountSpecificDetails>
			<AtmCardNo>0</AtmCardNo>
			<PIN>0</PIN>
		<OverdraftAccount>0</OverdraftAccount>
		<InterestRate>0.05</InterestRate>
		<RecentDebits>
		</RecentDebits>
		<RecentCredits>
		</RecentCredits>
		</AccountSpecificDetails>
	</Account>
	<Account AccountNum="765432">
		<AccountType>Savings</AccountType>
		<CusID>559555555</CusID>
		<Balance>15019.51</Balance>
		<AccountFlag>0</AccountFlag>
		<DateActivated>1351793588910</DateActivated>
		<AccountSpecificDetails>
			<AtmCardNo>123456</AtmCardNo>
			<PIN>1234</PIN>
		<OverdraftAccount>1</OverdraftAccount>
		<InterestRate>0.015</InterestRate>
		<RecentDebits>
		</RecentDebits>
		<RecentCredits>
		</RecentCredits>
		</AccountSpecificDetails>
	</Account>
	<Account AccountNum="654321">
		<AccountType>Savings</AccountType>
		<CusID>423148894</CusID>
		<Balance>500.0</Balance>
		<AccountFlag>0</AccountFlag>
		<DateActivated>1351793588910</DateActivated>
		<AccountSpecificDetails>
			<AtmCardNo>0</AtmCardNo>
			<PIN>0</PIN>
		<OverdraftAccount>0</OverdraftAccount>
		<InterestRate>0.01</InterestRate>
		<RecentDebits>
			<Debit date="1355351821321">100.0</Debit>
			<Debit date="1355351942411">600.0</Debit>
		</RecentDebits>
		<RecentCredits>
			<Credit date="1355351922793">600.0</Credit>
		</RecentCredits>
		</AccountSpecificDetails>
	</Account>
	<Account AccountNum="432109">
		<AccountType>Savings</AccountType>
		<CusID>345879912</CusID>
		<Balance>202.54</Balance>
		<AccountFlag>0</AccountFlag>
		<DateActivated>1351793588910</DateActivated>
		<AccountSpecificDetails>
			<AtmCardNo>0</AtmCardNo>
			<PIN>0</PIN>
		<OverdraftAccount>1</OverdraftAccount>
		<InterestRate>0.01</InterestRate>
		<RecentDebits>
		</RecentDebits>
		<RecentCredits>
		</RecentCredits>
		</AccountSpecificDetails>
	</Account>
	<Account AccountNum="321098">
		<AccountType>CD</AccountType>
		<CusID>563432913</CusID>
		<Balance>25124.15</Balance>
		<AccountFlag>0</AccountFlag>
		<DateActivated>1351793588910</DateActivated>
		<AccountSpecificDetails>
			<MaturityDate>1351793588910</MaturityDate>
			<StartDate>1354837830685</StartDate>
			<RolloverDate>0</RolloverDate>
			<InterestRate>0.015</InterestRate>
		</AccountSpecificDetails>
	</Account>
	<Account AccountNum="210987">
		<AccountType>CD</AccountType>
		<CusID>436789213</CusID>
		<Balance>10251.36</Balance>
		<AccountFlag>0</AccountFlag>
		<DateActivated>1351793588910</DateActivated>
		<AccountSpecificDetails>
			<MaturityDate>1351793588910</MaturityDate>
			<StartDate>1354837830685</StartDate>
			<RolloverDate>0</RolloverDate>
			<InterestRate>0.015</InterestRate>
		</AccountSpecificDetails>
	</Account>
	<Account AccountNum="109876">
		<AccountType>CD</AccountType>
		<CusID>435678787</CusID>
		<Balance>2017.56</Balance>
		<AccountFlag>0</AccountFlag>
		<DateActivated>1351793588910</DateActivated>
		<AccountSpecificDetails>
			<MaturityDate>1351793588910</MaturityDate>
			<StartDate>1354837830685</StartDate>
			<RolloverDate>0</RolloverDate>
			<InterestRate>0.015</InterestRate>
		</AccountSpecificDetails>
	</Account>
	<Account AccountNum="123098">
		<AccountType>CD</AccountType>
		<CusID>423168945</CusID>
		<Balance>32149.15</Balance>
		<AccountFlag>0</AccountFlag>
		<DateActivated>1351793588910</DateActivated>
		<AccountSpecificDetails>
			<MaturityDate>1351793588910</MaturityDate>
			<StartDate>1354837830686</StartDate>
			<RolloverDate>0</RolloverDate>
			<InterestRate>0.015</InterestRate>
		</AccountSpecificDetails>
	</Account>
	<Account AccountNum="4517110">
		<AccountType>CD</AccountType>
		<CusID>559555555</CusID>
		<Balance>500.0</Balance>
		<AccountFlag>0</AccountFlag>
		<DateActivated>0</DateActivated>
		<AccountSpecificDetails>
			<MaturityDate>1386373830687</MaturityDate>
			<StartDate>1354837830687</StartDate>
			<RolloverDate>0</RolloverDate>
			<InterestRate>0.015</InterestRate>
		</AccountSpecificDetails>
	</Account>
	<Account AccountNum="9997777">
		<AccountType>Savings</AccountType>
		<CusID>559555555</CusID>
		<Balance>500.0</Balance>
		<AccountFlag>0</AccountFlag>
		<DateActivated>0</DateActivated>
		<AccountSpecificDetails>
			<AtmCardNo>0</AtmCardNo>
			<PIN>0</PIN>
		<OverdraftAccount>0</OverdraftAccount>
		<InterestRate>0.015</InterestRate>
		<RecentDebits>
		</RecentDebits>
		<RecentCredits>
		</RecentCredits>
		</AccountSpecificDetails>
	</Account>
</Accounts>
